Name,Place,Time,Species,Code
Eliza,Reactor,12:12:00 AM,Greening,2656
Yelena,Upper Engine,4:15:00 PM,Greening,1805
Lucy,Electrical,8:14:00 PM,Rederin,3221
James,Electrical,6:01:00 PM,Greening,5074
Lucy,Electrical,10:30:00 AM,Greening,9280
Andrew,Lower Engine,3:39:00 AM,Greening,7658
James,Electrical,12:33:00 AM,Pinkwin,4211
Billie,Lower Engine,10:00:00 PM,Purploid,5508
Lucy,Reactor,12:31:00 PM,Orangio,6536
Lucy,Reactor,9:29:00 PM,Pinkwin,9368
Andrew,Upper Engine,4:01:00 AM,Orangio,3065
Andrew,Reactor,3:20:00 AM,Orangio,9656
Lucy,Reactor,1:18:00 PM,Orangio,8126
Billie,Lower Engine,1:38:00 PM,Rederin,5275
Andrew,Lower Engine,10:19:00 PM,Purploid,5192
Billie,Electrical,2:03:00 AM,Purploid,4637
Lucy,Reactor,5:21:00 AM,Blueben,2057
Billie,Lower Engine,2:55:00 AM,Pinkwin,8825
Lucy,Upper Engine,8:16:00 PM,Blueben,8187
Andrew,Electrical,10:49:00 AM,Pinkwin,6859
James,Upper Engine,3:46:00 PM,Orangio,8545
Eliza,Reactor,7:52:00 AM,Pinkwin,2146
Eliza,Lower Engine,9:29:00 PM,Purploid,5219
James,Reactor,4:30:00 PM,Purploid,9685
Lucy,Upper Engine,10:27:00 AM,Purploid,2751
Billie,Lower Engine,4:30:00 PM,Pinkwin,5880
James,Lower Engine,6:03:00 AM,Greening,5278
Billie,Upper Engine,11:49:00 PM,Pinkwin,2486
James,Reactor,8:55:00 PM,Pinkwin,5144
Eliza,Electrical,11:41:00 AM,Greening,3513
Yelena,Electrical,8:01:00 PM,Blueben,7815
Yelena,Reactor,5:33:00 PM,Blueben,9631
Eliza,Upper Engine,8:00:00 AM,Pinkwin,5748
James,Upper Engine,2:01:00 AM,Greening,2863
Andrew,Reactor,5:07:00 AM,Blueben,6814
James,Lower Engine,9:11:00 AM,Orangio,9151
Lucy,Upper Engine,12:14:00 PM,Pinkwin,5395
Lucy,Lower Engine,3:00:00 PM,Greening,4611
James,Reactor,10:50:00 AM,Purploid,9947
Eliza,Electrical,3:45:00 AM,Purploid,6303
Andrew,Lower Engine,7:59:00 PM,Pinkwin,5630
Eliza,Lower Engine,7:32:00 AM,Blueben,3765
Yelena,Reactor,5:31:00 AM,Purploid,3040
Lucy,Lower Engine,8:04:00 AM,Rederin,8023
Lucy,Upper Engine,6:40:00 PM,Orangio,4863
Lucy,Upper Engine,2:56:00 PM,Greening,6718
James,Lower Engine,2:29:00 PM,Greening,2712
Eliza,Electrical,7:00:00 AM,Orangio,6306
Lucy,Reactor,6:10:00 PM,Orangio,7900
Yelena,Lower Engine,9:21:00 PM,Pinkwin,7138
Billie,Lower Engine,2:08:00 AM,Pinkwin,1738
James,Electrical,2:07:00 AM,Greening,8898
Eliza,Reactor,3:49:00 AM,Pinkwin,8059
James,Electrical,11:56:00 AM,Pinkwin,9264
Andrew,Reactor,3:38:00 AM,Blueben,9347
Yelena,Reactor,6:05:00 PM,Greening,5250
Andrew,Lower Engine,10:19:00 AM,Pinkwin,8630
Yelena,Lower Engine,5:29:00 PM,Purploid,4315
Yelena,Upper Engine,10:31:00 PM,Pinkwin,1424
Billie,Lower Engine,6:35:00 PM,Rederin,1638
Yelena,Lower Engine,2:23:00 AM,Blueben,8591
Billie,Lower Engine,11:00:00 PM,Purploid,5607
James,Lower Engine,12:24:00 PM,Purploid,7328
Eliza,Upper Engine,3:32:00 AM,Greening,1464
Yelena,Reactor,12:10:00 AM,Orangio,8109
Billie,Reactor,4:41:00 PM,Purploid,2698
Yelena,Upper Engine,7:40:00 AM,Blueben,6839
Eliza,Electrical,6:59:00 PM,Purploid,8256
Billie,Upper Engine,10:41:00 AM,Rederin,6569
Eliza,Electrical,9:22:00 AM,Orangio,3312
Lucy,Upper Engine,2:41:00 AM,Blueben,6548
Andrew,Reactor,11:01:00 PM,Orangio,6588
Eliza,Electrical,3:38:00 AM,Rederin,2549
Billie,Reactor,2:01:00 PM,Purploid,6063
Andrew,Electrical,2:04:00 PM,Purploid,8885
Andrew,Upper Engine,8:25:00 AM,Greening,6179
Billie,Upper Engine,10:39:00 AM,Pinkwin,8444
James,Reactor,10:18:00 PM,Pinkwin,2041
Eliza,Lower Engine,6:59:00 AM,Purploid,8840
Yelena,Reactor,5:56:00 PM,Rederin,4712
Lucy,Electrical,6:40:00 PM,Rederin,8173
Billie,Upper Engine,8:54:00 AM,Orangio,3112
Lucy,Lower Engine,8:33:00 PM,Rederin,6358
Eliza,Upper Engine,9:31:00 PM,Blueben,8495
Andrew,Upper Engine,2:48:00 AM,Pinkwin,1739
James,Lower Engine,11:23:00 AM,Rederin,8396
Lucy,Electrical,11:34:00 AM,Blueben,8336
Eliza,Electrical,7:42:00 PM,Rederin,2972
Yelena,Electrical,7:23:00 PM,Orangio,3250
Andrew,Electrical,4:46:00 AM,Rederin,8760
Yelena,Lower Engine,10:38:00 AM,Blueben,5125
Andrew,Lower Engine,4:11:00 AM,Blueben,4185
Yelena,Lower Engine,2:35:00 AM,Rederin,7341
Billie,Electrical,6:51:00 PM,Orangio,7313
Billie,Reactor,9:58:00 AM,Purploid,5434
Yelena,Reactor,1:09:00 PM,Rederin,3759
Billie,Electrical,3:58:00 PM,Greening,8892
Andrew,Upper Engine,1:13:00 AM,Rederin,6848
Yelena,Lower Engine,11:35:00 AM,Orangio,4621
Andrew,Upper Engine,1:49:00 AM,Rederin,3659
Eliza,Reactor,5:54:00 PM,Pinkwin,8314
Andrew,Electrical,2:26:00 AM,Orangio,9855
Billie,Reactor,1:46:00 AM,Orangio,9354
Billie,Lower Engine,1:35:00 PM,Pinkwin,9955
Lucy,Reactor,12:40:00 PM,Purploid,9676
Andrew,Electrical,4:45:00 PM,Pinkwin,5289
Lucy,Upper Engine,3:52:00 AM,Rederin,1794
Billie,Reactor,10:21:00 AM,Greening,5111
Yelena,Reactor,12:49:00 PM,Blueben,6417
Yelena,Reactor,11:20:00 AM,Greening,2501
Andrew,Reactor,10:55:00 PM,Rederin,6556
Eliza,Electrical,8:06:00 PM,Orangio,5850
Yelena,Reactor,4:40:00 PM,Purploid,2418
James,Upper Engine,12:56:00 AM,Pinkwin,2845
Eliza,Lower Engine,10:30:00 AM,Pinkwin,8863
Andrew,Lower Engine,5:49:00 PM,Rederin,5479
Lucy,Electrical,3:33:00 AM,Purploid,9770
Billie,Electrical,1:31:00 AM,Orangio,3289
James,Electrical,3:06:00 AM,Rederin,9520
Yelena,Electrical,1:22:00 AM,Orangio,2664
Eliza,Electrical,10:01:00 PM,Orangio,4650
Lucy,Lower Engine,4:12:00 PM,Rederin,2018
James,Reactor,1:37:00 AM,Pinkwin,2553
Eliza,Reactor,8:43:00 AM,Greening,2057
Eliza,Electrical,1:44:00 PM,Pinkwin,9350
Billie,Reactor,4:21:00 AM,Purploid,9385
Eliza,Reactor,11:48:00 AM,Purploid,5630
Yelena,Lower Engine,9:47:00 PM,Pinkwin,5815
Lucy,Upper Engine,9:26:00 PM,Greening,9632
Yelena,Electrical,11:08:00 PM,Orangio,6780
Andrew,Lower Engine,4:02:00 PM,Purploid,3641
Eliza,Upper Engine,3:52:00 PM,Blueben,5035
Eliza,Reactor,10:39:00 PM,Pinkwin,4283
Yelena,Electrical,6:30:00 PM,Purploid,9959
Eliza,Upper Engine,5:23:00 PM,Blueben,6180
Billie,Upper Engine,4:10:00 PM,Blueben,6359
Andrew,Electrical,12:15:00 AM,Purploid,2954
Lucy,Lower Engine,9:24:00 AM,Greening,9102
Lucy,Lower Engine,8:04:00 AM,Pinkwin,1978
Eliza,Upper Engine,11:09:00 AM,Purploid,2498
Andrew,Lower Engine,10:05:00 AM,Orangio,3088
Andrew,Upper Engine,4:59:00 AM,Orangio,6434
Andrew,Lower Engine,3:47:00 PM,Pinkwin,1753
James,Upper Engine,11:36:00 AM,Blueben,2257
Andrew,Upper Engine,11:05:00 PM,Rederin,5051
Yelena,Reactor,9:55:00 AM,Rederin,6523
Lucy,Reactor,3:15:00 AM,Orangio,2349
James,Lower Engine,6:38:00 AM,Blueben,1684
Billie,Lower Engine,3:57:00 PM,Blueben,2352
James,Reactor,3:49:00 PM,Pinkwin,2486
Yelena,Upper Engine,1:21:00 AM,Greening,1468